pre_root_id,post_root_id,signed_synapses,model_weight
720575940624963786,720575940630233916,6,17
720575940624963786,720575940637568838,21,32
720575940624963786,720575940638202345,10,22
720575940624963786,720575940617000768,8,20
720575940624963786,720575940621754367,3,12
720575940624963786,720575940621502051,4,14
720575940624963786,720575940612670570,5,16
720575940624963786,720575940628853239,3,12
720575940624963786,720575940629888530,22,33
720575940624963786,720575940614763666,3,12
720575940624963786,720575940638103349,7,19
720575940624963786,720575940626835146,3,12
720575940624963786,720575940626191306,13,25
720575940624963786,720575940626279742,3,12
720575940624963786,720575940611015122,6,17
720575940624963786,720575940618859480,4,14
720575940624963786,720575940625175054,3,12
720575940624963786,720575940626919144,4,14
720575940624963786,720575940625178768,11,23
720575940630233916,720575940624963786,9,21
720575940630233916,720575940637568838,16,28
720575940630233916,720575940638202345,17,29
720575940630233916,720575940630797113,3,12
720575940630233916,720575940632889389,4,14
720575940630233916,720575940611875570,3,12
720575940630233916,720575940620874757,6,17
720575940630233916,720575940614763666,3,12
720575940630233916,720575940638103349,3,12
720575940630233916,720575940626191306,21,32
720575940630233916,720575940626279742,6,17
720575940630233916,720575940617593233,7,19
720575940630233916,720575940612692633,3,12
720575940630233916,720575940625164558,6,17
720575940630233916,720575940625178768,5,16
720575940637568838,720575940624963786,9,21
720575940637568838,720575940630233916,7,19
720575940637568838,720575940638202345,5,16
720575940637568838,720575940617000768,4,14
720575940637568838,720575940630797113,3,12
720575940637568838,720575940632889389,5,16
720575940637568838,720575940611875570,3,12
720575940637568838,720575940620874757,4,14
720575940637568838,720575940629888530,9,21
720575940637568838,720575940614763666,4,14
720575940637568838,720575940626191306,18,30
720575940637568838,720575940626279742,7,19
720575940637568838,720575940617593233,3,12
720575940637568838,720575940611015122,4,14
720575940637568838,720575940642428045,3,12
720575940637568838,720575940626919144,3,12
720575940637568838,720575940625164558,3,12
720575940637568838,720575940625178768,8,20
720575940638202345,720575940624963786,11,23
720575940638202345,720575940630233916,21,32
720575940638202345,720575940637568838,11,23
720575940638202345,720575940617000768,8,20
720575940638202345,720575940632889389,3,12
720575940638202345,720575940621502051,4,14
720575940638202345,720575940639332736,4,14
720575940638202345,720575940620874757,3,12
720575940638202345,720575940629888530,13,25
720575940638202345,720575940614763666,7,19
720575940638202345,720575940638103349,4,14
720575940638202345,720575940626191306,15,27
720575940638202345,720575940626279742,6,17
720575940638202345,720575940617593233,4,14
720575940638202345,720575940612692633,5,16
720575940638202345,720575940626919144,3,12
720575940638202345,720575940625164558,3,12
720575940638202345,720575940625178768,8,20
720575940617000768,720575940624963786,7,19
720575940617000768,720575940637568838,4,14
720575940617000768,720575940638202345,5,16
720575940617000768,720575940621754367,8,20
720575940617000768,720575940621502051,7,19
720575940617000768,720575940640649691,3,12
720575940617000768,720575940639332736,3,12
720575940617000768,720575940616885538,6,17
720575940617000768,720575940612670570,4,14
720575940617000768,720575940620874757,5,16
720575940617000768,720575940629888530,19,31
720575940617000768,720575940638103349,20,31
720575940617000768,720575940626191306,16,28
720575940617000768,720575940626279742,10,22
720575940617000768,720575940611015122,10,22
720575940617000768,720575940642428045,10,22
720575940617000768,720575940614660519,3,12
720575940617000768,720575940625175054,4,14
720575940617000768,720575940625164558,4,14
720575940617000768,720575940621329328,4,14
720575940617000768,720575940625178768,13,25
720575940630797113,720575940637568838,4,14
720575940630797113,720575940632889389,7,19
720575940630797113,720575940611875570,3,12
720575940630797113,720575940655014049,7,19
720575940630797113,720575940623210445,5,16
720575940630797113,720575940626191306,27,36
720575940630797113,720575940626279742,5,16
720575940630797113,720575940617593233,4,14
720575940630797113,720575940642428045,3,12
720575940630797113,720575940626919144,3,12
720575940630797113,720575940625164558,4,14
720575940632889389,720575940630233916,3,12
720575940632889389,720575940630797113,3,12
720575940632889389,720575940633143833,3,12
720575940632889389,720575940611875570,4,14
720575940632889389,720575940620874757,4,14
720575940632889389,720575940655014049,3,12
720575940632889389,720575940628802069,7,19
720575940632889389,720575940614763666,12,24
720575940632889389,720575940623210445,10,22
720575940632889389,720575940626191306,12,24
720575940632889389,720575940626279742,4,14
720575940632889389,720575940625175054,4,14
720575940632889389,720575940625164558,5,16
720575940632889389,720575940621329328,4,14
720575940632889389,720575940625178768,3,12
720575940621754367,720575940637568838,4,14
720575940621754367,720575940617000768,10,22
720575940621754367,720575940621502051,3,12
720575940621754367,720575940639332736,5,16
720575940621754367,720575940616885538,12,24
720575940621754367,720575940612670570,3,12
720575940621754367,720575940629888530,19,31
720575940621754367,720575940638103349,9,21
720575940621754367,720575940631349335,3,12
720575940621754367,720575940625867056,3,12
720575940621754367,720575940626191306,6,17
720575940621754367,720575940611015122,10,22
720575940621754367,720575940625178768,4,14
720575940621502051,720575940624963786,3,12
720575940621502051,720575940617000768,3,12
720575940621502051,720575940621754367,5,16
720575940621502051,720575940640649691,4,14
720575940621502051,720575940639332736,10,22
720575940621502051,720575940616885538,5,16
720575940621502051,720575940612670570,5,16
720575940621502051,720575940620874757,5,16
720575940621502051,720575940655014049,3,12
720575940621502051,720575940629888530,28,37
720575940621502051,720575940614763666,5,16
720575940621502051,720575940638103349,21,32
720575940621502051,720575940631349335,4,14
720575940621502051,720575940625867056,8,20
720575940621502051,720575940626191306,10,22
720575940621502051,720575940626279742,6,17
720575940621502051,720575940611015122,10,22
720575940621502051,720575940630771449,3,12
720575940621502051,720575940625175054,5,16
720575940621502051,720575940625178768,4,14
720575940640649691,720575940639332736,4,14
720575940640649691,720575940616885538,7,19
720575940640649691,720575940612670570,3,12
720575940640649691,720575940632047890,8,20
720575940640649691,720575940620874757,6,17
720575940640649691,720575940655014049,9,21
720575940640649691,720575940629888530,14,26
720575940640649691,720575940614763666,5,16
720575940640649691,720575940638103349,11,23
720575940640649691,720575940626191306,7,19
720575940640649691,720575940611015122,8,20
720575940640649691,720575940625580988,5,16
720575940640649691,720575940642428045,6,17
720575940640649691,720575940621329328,4,14
720575940639332736,720575940617000768,3,12
720575940639332736,720575940621754367,6,17
720575940639332736,720575940621502051,4,14
720575940639332736,720575940640649691,5,16
720575940639332736,720575940616885538,6,17
720575940639332736,720575940612670570,4,14
720575940639332736,720575940655014049,3,12
720575940639332736,720575940629888530,23,34
720575940639332736,720575940638103349,16,28
720575940639332736,720575940626191306,5,16
720575940639332736,720575940611015122,8,20
720575940639332736,720575940642428045,9,21
720575940639332736,720575940625164558,4,14
720575940639332736,720575940621329328,3,12
720575940616885538,720575940621754367,3,12
720575940616885538,720575940621502051,3,12
720575940616885538,720575940640649691,12,24
720575940616885538,720575940632425919,4,14
720575940616885538,720575940629176663,6,17
720575940616885538,720575940611875570,3,12
720575940616885538,720575940632047890,13,25
720575940616885538,720575940620874757,10,22
720575940616885538,720575940655014049,14,26
720575940616885538,720575940629888530,17,29
720575940616885538,720575940614763666,5,16
720575940616885538,720575940638103349,7,19
720575940616885538,720575940626191306,16,28
720575940616885538,720575940617593233,3,12
720575940616885538,720575940611015122,7,19
720575940616885538,720575940623718380,3,12
720575940616885538,720575940630771449,3,12
720575940616885538,720575940629623351,4,14
720575940616885538,720575940648180868,4,14
720575940616885538,720575940618574749,7,19
720575940616885538,720575940634093337,3,12
720575940639198653,720575940621502051,3,12
720575940639198653,720575940639332736,3,12
720575940639198653,720575940616885538,5,16
720575940639198653,720575940632425919,5,16
720575940639198653,720575940612670570,7,19
720575940639198653,720575940628853239,11,23
720575940639198653,720575940632047890,7,19
720575940639198653,720575940620874757,91,67
720575940639198653,720575940655014049,48,48
720575940639198653,720575940629888530,64,56
720575940639198653,720575940614763666,37,43
720575940639198653,720575940623210445,10,22
720575940639198653,720575940638103349,13,25
720575940639198653,720575940631349335,5,16
720575940639198653,720575940625867056,6,17
720575940639198653,720575940626835146,3,12
720575940639198653,720575940626191306,3,12
720575940639198653,720575940626279742,3,12
720575940639198653,720575940617593233,20,31
720575940639198653,720575940611015122,10,22
720575940639198653,720575940623718380,15,27
720575940639198653,720575940642428045,3,12
720575940639198653,720575940612692633,3,12
720575940639198653,720575940618574749,6,17
720575940617937543,720575940632889389,5,16
720575940617937543,720575940632047890,3,12
720575940617937543,720575940620874757,3,12
720575940617937543,720575940655014049,17,29
720575940617937543,720575940628802069,7,19
720575940617937543,720575940614763666,11,23
720575940617937543,720575940623210445,46,47
720575940617937543,720575940631349335,18,30
720575940617937543,720575940625867056,20,31
720575940617937543,720575940626191306,7,19
720575940617937543,720575940626279742,7,19
720575940617937543,720575940632648868,12,24
720575940617937543,720575940625164558,5,16
720575940617937543,720575940614998166,8,20
720575940632425919,720575940629176663,5,16
720575940632425919,720575940611875570,4,14
720575940632425919,720575940632047890,27,36
720575940632425919,720575940620874757,42,45
720575940632425919,720575940655014049,38,43
720575940632425919,720575940628802069,3,12
720575940632425919,720575940629888530,17,29
720575940632425919,720575940614763666,39,44
720575940632425919,720575940623210445,14,26
720575940632425919,720575940638103349,6,17
720575940632425919,720575940626191306,11,23
720575940632425919,720575940626279742,3,12
720575940632425919,720575940617593233,13,25
720575940632425919,720575940623718380,10,22
720575940632425919,720575940655013025,3,12
720575940632425919,720575940614660519,7,19
720575940632425919,720575940618574749,9,21
720575940632425919,720575940621329328,3,12
720575940633143833,720575940617937543,3,12
720575940633143833,720575940632425919,4,14
720575940633143833,720575940628853239,3,12
720575940633143833,720575940611875570,5,16
720575940633143833,720575940620874757,41,45
720575940633143833,720575940655014049,27,36
720575940633143833,720575940628802069,17,29
720575940633143833,720575940629888530,3,12
720575940633143833,720575940614763666,21,32
720575940633143833,720575940623210445,37,43
720575940633143833,720575940631703608,12,24
720575940633143833,720575940631349335,11,23
720575940633143833,720575940625867056,4,14
720575940633143833,720575940626191306,11,23
720575940633143833,720575940626279742,7,19
720575940633143833,720575940617593233,4,14
720575940633143833,720575940623718380,20,31
720575940633143833,720575940625175054,3,12
720575940633143833,720575940632648868,6,17
720575940633143833,720575940636675214,15,27
720575940633143833,720575940623314312,3,12
720575940633143833,720575940614998166,13,25
720575940612670570,720575940621502051,13,25
720575940612670570,720575940640649691,3,12
720575940612670570,720575940639332736,7,19
720575940612670570,720575940616885538,5,16
720575940612670570,720575940639198653,4,14
720575940612670570,720575940628853239,10,22
720575940612670570,720575940620874757,7,19
720575940612670570,720575940655014049,3,12
720575940612670570,720575940629888530,75,61
720575940612670570,720575940614763666,4,14
720575940612670570,720575940638103349,35,41
720575940612670570,720575940631349335,7,19
720575940612670570,720575940625867056,8,20
720575940612670570,720575940626835146,3,12
720575940612670570,720575940626279742,3,12
720575940612670570,720575940611015122,16,28
720575940612670570,720575940630461660,6,17
720575940612670570,720575940607386290,4,14
720575940612670570,720575940642428045,4,14
720575940612670570,720575940612692633,3,12
720575940612670570,720575940630771449,3,12
720575940612670570,720575940614660519,5,16
720575940612670570,720575940625178768,4,14
720575940628853239,720575940617000768,7,19
720575940628853239,720575940621502051,9,21
720575940628853239,720575940640649691,3,12
720575940628853239,720575940639332736,5,16
720575940628853239,720575940639198653,12,24
720575940628853239,720575940612670570,14,26
720575940628853239,720575940620874757,17,29
720575940628853239,720575940655014049,17,29
720575940628853239,720575940629888530,68,58
720575940628853239,720575940614763666,3,12
720575940628853239,720575940638103349,27,36
720575940628853239,720575940631349335,3,12
720575940628853239,720575940625867056,8,20
720575940628853239,720575940626835146,5,16
720575940628853239,720575940626191306,5,16
720575940628853239,720575940617593233,4,14
720575940628853239,720575940611015122,19,31
720575940628853239,720575940623718380,14,26
720575940628853239,720575940618859480,3,12
720575940628853239,720575940642428045,3,12
720575940628853239,720575940625178768,5,16
720575940629176663,720575940611875570,6,17
720575940629176663,720575940632047890,18,30
720575940629176663,720575940620874757,10,22
720575940629176663,720575940655014049,13,25
720575940629176663,720575940628802069,3,12
720575940629176663,720575940629888530,12,24
720575940629176663,720575940614763666,9,21
720575940629176663,720575940626191306,8,20
720575940629176663,720575940617593233,3,12
720575940629176663,720575940655013025,7,19
720575940629176663,720575940625580988,4,14
720575940629176663,720575940625175054,3,12
720575940629176663,720575940618574749,7,19
720575940611875570,720575940632889389,5,16
720575940611875570,720575940616885538,8,20
720575940611875570,720575940632425919,4,14
720575940611875570,720575940629176663,4,14
720575940611875570,720575940632047890,20,31
720575940611875570,720575940620874757,21,32
720575940611875570,720575940655014049,11,23
720575940611875570,720575940614763666,33,40
720575940611875570,720575940623210445,7,19
720575940611875570,720575940626191306,14,26
720575940611875570,720575940626279742,4,14
720575940611875570,720575940617593233,8,20
720575940611875570,720575940623718380,3,12
720575940611875570,720575940618574749,10,22
720575940611875570,720575940634093337,3,12
720575940660219265,720575940619877396,3,12
720575940660219265,720575940613347299,3,12
720575940623211725,720575940660219265,424,96
720575940623211725,720575940627099338,23,34
720575940623211725,720575940627847752,4,14
720575940623211725,720575940632252743,5,16
720575940623211725,720575940632365905,17,29
720575940623211725,720575940609407939,10,22
720575940623211725,720575940607272649,23,34
720575940623211725,720575940615671106,86,65
720575940623211725,720575940631959097,80,63
720575940623211725,720575940624023188,27,36
720575940623211725,720575940619877396,80,63
720575940623211725,720575940617678566,3,12
720575940623211725,720575940628780309,4,14
720575940623211725,720575940632486969,27,36
720575940623211725,720575940621261296,153,87
720575940623211725,720575940613347299,134,81
720575940623211725,720575940632839763,7,19
720575940623211725,720575940619114048,93,68
720575940623211725,720575940632835155,4,14
720575940623211725,720575940615023535,3,12
720575940627099338,720575940660219265,561,96
720575940627099338,720575940609407939,3,12
720575940627099338,720575940631349335,8,20
720575940627099338,720575940625867056,4,14
720575940627099338,720575940618574749,3,12
720575940627099338,720575940618238523,11,23
720575940627099338,720575940632835155,3,12
720575940627847752,720575940660219265,70,59
720575940627847752,720575940627099338,68,58
720575940627847752,720575940632047890,4,14
720575940627847752,720575940609407939,38,43
720575940627847752,720575940615671106,185,95
720575940627847752,720575940624023188,5,16
720575940627847752,720575940610482883,79,62
720575940627847752,720575940619877396,154,87
720575940627847752,720575940611151406,9,21
720575940627847752,720575940639785379,4,14
720575940627847752,720575940623663084,3,12
720575940627847752,720575940628780309,5,16
720575940627847752,720575940621261296,10,22
720575940627847752,720575940632839763,4,14
720575940627847752,720575940619114048,4,14
720575940627847752,720575940618238523,79,62
720575940632047890,720575940623211725,24,34
720575940632047890,720575940627099338,4,14
720575940632047890,720575940632252743,31,39
720575940632047890,720575940632365905,38,43
720575940632047890,720575940636828334,7,19
720575940632047890,720575940631959097,16,28
720575940632047890,720575940624023188,25,35
720575940632047890,720575940610482883,5,16
720575940632047890,720575940655013025,4,14
720575940632047890,720575940622624214,7,19
720575940632047890,720575940625580988,4,14
720575940632047890,720575940628780309,5,16
720575940632047890,720575940627086594,52,50
720575940632047890,720575940632486969,8,20
720575940632047890,720575940635578303,5,16
720575940632047890,720575940635055039,48,48
720575940632047890,720575940618574749,36,42
720575940632047890,720575940615023535,4,14
720575940620874757,720575940623211725,33,40
720575940620874757,720575940627847752,50,49
720575940620874757,720575940632252743,3,12
720575940620874757,720575940655014049,18,30
720575940620874757,720575940614763666,4,14
720575940620874757,720575940609407939,7,19
720575940620874757,720575940638103349,9,21
720575940620874757,720575940607272649,3,12
720575940620874757,720575940628972048,11,23
720575940620874757,720575940615671106,18,30
720575940620874757,720575940631959097,11,23
720575940620874757,720575940626191306,4,14
720575940620874757,720575940634900855,8,20
720575940620874757,720575940634825623,3,12
720575940620874757,720575940631997032,6,17
720575940620874757,720575940619877396,8,20
720575940620874757,720575940623718380,6,17
720575940620874757,720575940660223873,7,19
720575940620874757,720575940618859480,14,26
720575940620874757,720575940607386290,4,14
720575940620874757,720575940612692633,3,12
720575940620874757,720575940617787963,3,12
720575940620874757,720575940625175054,5,16
720575940620874757,720575940636685454,3,12
720575940620874757,720575940632648868,4,14
720575940620874757,720575940623017989,3,12
720575940620874757,720575940632839763,7,19
720575940620874757,720575940615811670,3,12
720575940620874757,720575940635055039,8,20
720575940632252743,720575940660219265,281,96
720575940632252743,720575940623211725,3,12
720575940632252743,720575940609407939,86,65
720575940632252743,720575940607272649,5,16
720575940632252743,720575940631349335,3,12
720575940632252743,720575940615671106,7,19
720575940632252743,720575940610482883,7,19
720575940632252743,720575940619877396,23,34
720575940632252743,720575940636685454,15,27
720575940632252743,720575940613347299,5,16
720575940632252743,720575940618238523,10,22
720575940655014049,720575940629888530,3,12
720575940655014049,720575940632365905,59,54
720575940655014049,720575940623210445,9,21
720575940655014049,720575940638103349,3,12
720575940655014049,720575940631703608,33,40
720575940655014049,720575940610001220,4,14
720575940655014049,720575940631349335,34,41
720575940655014049,720575940628972048,32,40
720575940655014049,720575940625867056,8,20
720575940655014049,720575940626279742,8,20
720575940655014049,720575940634900855,5,16
720575940655014049,720575940637144944,4,14
720575940655014049,720575940611442296,26,36
720575940655014049,720575940660223873,4,14
720575940655014049,720575940618859480,8,20
720575940655014049,720575940617678566,5,16
720575940655014049,720575940639785379,32,40
720575940655014049,720575940623663084,3,12
720575940655014049,720575940614660519,13,25
720575940655014049,720575940632486969,14,26
720575940655014049,720575940627814728,4,14
720575940655014049,720575940648180868,9,21
720575940655014049,720575940625164558,7,19
720575940655014049,720575940630674038,7,19
720575940655014049,720575940634105439,12,24
720575940628802069,720575940623211725,33,40
720575940628802069,720575940627099338,71,59
720575940628802069,720575940623210445,3,12
720575940628802069,720575940631703608,4,14
720575940628802069,720575940628972048,6,17
720575940628802069,720575940631959097,252,96
720575940628802069,720575940627812168,54,51
720575940628802069,720575940618574749,179,94
720575940629888530,720575940623211725,11,23
720575940629888530,720575940614763666,8,20
720575940629888530,720575940638103349,19,31
720575940629888530,720575940630579574,5,16
720575940629888530,720575940610001220,3,12
720575940629888530,720575940628972048,19,31
720575940629888530,720575940626835146,9,21
720575940629888530,720575940631959097,3,12
720575940629888530,720575940626279742,5,16
720575940629888530,720575940634900855,7,19
720575940629888530,720575940631997032,5,16
720575940629888530,720575940627083294,15,27
720575940629888530,720575940660223873,3,12
720575940629888530,720575940618859480,7,19
720575940629888530,720575940607386290,21,32
720575940629888530,720575940629623351,7,19
720575940629888530,720575940635055039,19,31
720575940614763666,720575940627099338,5,16
720575940614763666,720575940632047890,6,17
720575940614763666,720575940628802069,3,12
720575940614763666,720575940623210445,9,21
720575940614763666,720575940636828334,7,19
720575940614763666,720575940631703608,79,62
720575940614763666,720575940630579574,64,56
720575940614763666,720575940628972048,28,37
720575940614763666,720575940626835146,37,43
720575940614763666,720575940631959097,7,19
720575940614763666,720575940631997032,6,17
720575940614763666,720575940637144944,4,14
720575940614763666,720575940660223873,15,27
720575940614763666,720575940611151406,55,52
720575940614763666,720575940618859480,8,20
720575940614763666,720575940639785379,5,16
720575940614763666,720575940632486969,4,14
720575940614763666,720575940627812168,17,29
720575940614763666,720575940645045527,3,12
720575940614763666,720575940623017989,4,14
720575940614763666,720575940630674038,5,16
720575940632365905,720575940623211725,174,92
720575940632365905,720575940632047890,142,83
720575940632365905,720575940632252743,137,82
720575940632365905,720575940630579574,29,38
720575940632365905,720575940628972048,4,14
720575940632365905,720575940631959097,42,45
720575940632365905,720575940634825623,11,23
720575940632365905,720575940631997032,3,12
720575940632365905,720575940624023188,4,14
720575940632365905,720575940610482883,6,17
720575940632365905,720575940618859480,4,14
720575940632365905,720575940630771449,3,12
720575940632365905,720575940627086594,4,14
720575940632365905,720575940632486969,73,60
720575940632365905,720575940636685454,11,23
720575940632365905,720575940648180868,4,14
720575940632365905,720575940632839763,8,20
720575940632365905,720575940635055039,3,12
720575940632365905,720575940618574749,12,24
720575940632365905,720575940618238523,3,12
720575940623210445,720575940623211725,5,16
720575940623210445,720575940627099338,9,21
720575940623210445,720575940632047890,61,55
720575940623210445,720575940628802069,10,22
720575940623210445,720575940614763666,12,24
720575940623210445,720575940636828334,6,17
720575940623210445,720575940631703608,154,87
720575940623210445,720575940630579574,29,38
720575940623210445,720575940628972048,6,17
720575940623210445,720575940625867056,20,31
720575940623210445,720575940626835146,37,43
720575940623210445,720575940615671106,4,14
720575940623210445,720575940631959097,5,16
720575940623210445,720575940634210155,6,17
720575940623210445,720575940634825623,23,34
720575940623210445,720575940631997032,10,22
720575940623210445,720575940637144944,3,12
720575940623210445,720575940619176094,4,14
720575940623210445,720575940622624214,3,12
720575940623210445,720575940611151406,9,21
720575940623210445,720575940614660519,3,12
720575940623210445,720575940632486969,6,17
720575940623210445,720575940636685454,10,22
720575940623210445,720575940627812168,36,42
720575940623210445,720575940623314312,3,12
720575940623210445,720575940629744599,18,30
720575940623210445,720575940630674038,4,14
720575940609407939,720575940660219265,88,66
720575940609407939,720575940627099338,6,17
720575940609407939,720575940627847752,30,38
720575940609407939,720575940632252743,3,12
720575940609407939,720575940607272649,6,17
720575940609407939,720575940615671106,118,76
720575940609407939,720575940610482883,119,76
720575940609407939,720575940619877396,210,96
720575940609407939,720575940622026245,3,12
720575940609407939,720575940619114048,3,12
720575940609407939,720575940618238523,85,65
720575940609407939,720575940615023535,44,46
720575940638103349,720575940629888530,3,12
720575940638103349,720575940632365905,3,12
720575940638103349,720575940631703608,3,12
720575940638103349,720575940630579574,79,62
720575940638103349,720575940610001220,71,59
720575940638103349,720575940628972048,29,38
720575940638103349,720575940626835146,55,52
720575940638103349,720575940626279742,3,12
720575940638103349,720575940631997032,18,30
720575940638103349,720575940637144944,8,20
720575940638103349,720575940611442296,15,27
720575940638103349,720575940655013025,4,14
720575940638103349,720575940622624214,6,17
720575940638103349,720575940627083294,47,48
720575940638103349,720575940626625813,3,12
720575940638103349,720575940660223873,13,25
720575940638103349,720575940607386290,56,52
720575940638103349,720575940642428045,5,16
720575940638103349,720575940612692633,21,32
720575940638103349,720575940630771449,10,22
720575940638103349,720575940625175054,3,12
720575940638103349,720575940627812168,38,43
720575940638103349,720575940629623351,21,32
720575940638103349,720575940645045527,31,39
720575940638103349,720575940630674038,10,22
720575940636828334,720575940623211725,80,63
720575940636828334,720575940627099338,70,59
720575940636828334,720575940627847752,17,29
720575940636828334,720575940628802069,8,20
720575940636828334,720575940614763666,3,12
720575940636828334,720575940631703608,30,38
720575940636828334,720575940630579574,60,54
720575940636828334,720575940610001220,5,16
720575940636828334,720575940628972048,4,14
720575940636828334,720575940625867056,15,27
720575940636828334,720575940626835146,10,22
720575940636828334,720575940631959097,278,96
720575940636828334,720575940634210155,29,38
720575940636828334,720575940634825623,12,24
720575940636828334,720575940617593233,3,12
720575940636828334,720575940637144944,4,14
720575940636828334,720575940619176094,15,27
720575940636828334,720575940618859480,3,12
720575940636828334,720575940632486969,43,46
720575940636828334,720575940636685454,5,16
720575940636828334,720575940627812168,80,63
720575940636828334,720575940645045527,12,24
720575940636828334,720575940629744599,90,66
720575940631703608,720575940623211725,13,25
720575940631703608,720575940627099338,7,19
720575940631703608,720575940614763666,3,12
720575940631703608,720575940623210445,5,16
720575940631703608,720575940636828334,231,96
720575940631703608,720575940630579574,52,50
720575940631703608,720575940610001220,9,21
720575940631703608,720575940625867056,6,17
720575940631703608,720575940626835146,111,74
720575940631703608,720575940631959097,49,49
720575940631703608,720575940634210155,3,12
720575940631703608,720575940634825623,8,20
720575940631703608,720575940617593233,3,12
720575940631703608,720575940631997032,5,16
720575940631703608,720575940637144944,89,66
720575940631703608,720575940619176094,7,19
720575940631703608,720575940622624214,3,12
720575940631703608,720575940623164941,4,14
720575940631703608,720575940627812168,6,17
720575940631703608,720575940627814728,3,12
720575940631703608,720575940645045527,3,12
720575940631703608,720575940629744599,78,62
720575940631703608,720575940630674038,3,12
720575940607272649,720575940660219265,3,12
720575940607272649,720575940623211725,17,29
720575940607272649,720575940627099338,5,16
720575940607272649,720575940627847752,5,16
720575940607272649,720575940632252743,162,89
720575940607272649,720575940615671106,106,72
720575940607272649,720575940631959097,113,74
720575940607272649,720575940624023188,78,62
720575940607272649,720575940610482883,13,25
720575940607272649,720575940619877396,86,65
720575940607272649,720575940655013025,132,80
720575940607272649,720575940625580988,97,69
720575940607272649,720575940614660519,17,29
720575940607272649,720575940617787963,5,16
720575940607272649,720575940627086594,3,12
720575940607272649,720575940632486969,14,26
720575940607272649,720575940621261296,27,36
720575940607272649,720575940613347299,46,47
720575940607272649,720575940635578303,155,87
720575940607272649,720575940619114048,29,38
720575940607272649,720575940635055039,34,41
720575940607272649,720575940618238523,472,96
720575940607272649,720575940615023535,20,31
720575940630579574,720575940623211725,31,39
720575940630579574,720575940628802069,21,32
720575940630579574,720575940631703608,29,38
720575940630579574,720575940607272649,99,70
720575940630579574,720575940631349335,3,12
720575940630579574,720575940628972048,9,21
720575940630579574,720575940634210155,33,40
720575940630579574,720575940634825623,25,35
720575940630579574,720575940637144944,5,16
720575940630579574,720575940624023188,22,33
720575940630579574,720575940619176094,10,22
720575940630579574,720575940618859480,5,16
720575940630579574,720575940623164941,21,32
720575940630579574,720575940621150191,18,30
720575940630579574,720575940612692633,4,14
720575940630579574,720575940614660519,12,24
720575940630579574,720575940627086594,11,23
720575940630579574,720575940636685454,34,41
720575940630579574,720575940613347299,10,22
720575940630579574,720575940623314312,68,58
720575940630579574,720575940628869648,3,12
720575940630579574,720575940615023535,15,27
720575940610001220,720575940623211725,116,75
720575940610001220,720575940627099338,4,14
720575940610001220,720575940627847752,3,12
720575940610001220,720575940636828334,27,36
720575940610001220,720575940631703608,4,14
720575940610001220,720575940630579574,30,38
720575940610001220,720575940631349335,10,22
720575940610001220,720575940625867056,10,22
720575940610001220,720575940615671106,5,16
720575940610001220,720575940631959097,38,43
720575940610001220,720575940634825623,3,12
720575940610001220,720575940617593233,5,16
720575940610001220,720575940631997032,13,25
720575940610001220,720575940619176094,5,16
720575940610001220,720575940622624214,8,20
720575940610001220,720575940627083294,6,17
720575940610001220,720575940623164941,5,16
720575940610001220,720575940607386290,9,21
720575940610001220,720575940627086594,4,14
720575940610001220,720575940627812168,56,52
720575940610001220,720575940629623351,3,12
720575940610001220,720575940627814728,21,32
720575940610001220,720575940645045527,29,38
720575940610001220,720575940630674038,5,16
720575940610001220,720575940623476407,3,12
720575940631349335,720575940627099338,3,12
720575940631349335,720575940620874757,4,14
720575940631349335,720575940629888530,6,17
720575940631349335,720575940614763666,8,20
720575940631349335,720575940623210445,3,12
720575940631349335,720575940638103349,11,23
720575940631349335,720575940631703608,6,17
720575940631349335,720575940610001220,17,29
720575940631349335,720575940615671106,4,14
720575940631349335,720575940634825623,3,12
720575940631349335,720575940631997032,7,19
720575940631349335,720575940623718380,5,16
720575940631349335,720575940611442296,3,12
720575940631349335,720575940622624214,3,12
720575940631349335,720575940627083294,4,14
720575940631349335,720575940626625813,5,16
720575940631349335,720575940611151406,6,17
720575940631349335,720575940618859480,3,12
720575940631349335,720575940630461660,4,14
720575940631349335,720575940623164941,3,12
720575940631349335,720575940607386290,5,16
720575940631349335,720575940621150191,4,14
720575940631349335,720575940639785379,4,14
720575940631349335,720575940636552805,3,12
720575940631349335,720575940632486969,11,23
720575940631349335,720575940627812168,4,14
720575940631349335,720575940632648868,3,12
720575940631349335,720575940626229849,3,12
720575940631349335,720575940636675214,11,23
720575940631349335,720575940635578303,3,12
720575940631349335,720575940623017989,3,12
720575940631349335,720575940623314312,6,17
720575940631349335,720575940638001498,4,14
720575940631349335,720575940635055039,3,12
720575940631349335,720575940614998166,5,16
720575940631349335,720575940621329328,3,12
720575940631349335,720575940625178768,3,12
720575940628972048,720575940627099338,9,21
720575940628972048,720575940627847752,66,57
720575940628972048,720575940655014049,9,21
720575940628972048,720575940628802069,16,28
720575940628972048,720575940609407939,67,57
720575940628972048,720575940631703608,3,12
720575940628972048,720575940630579574,12,24
720575940628972048,720575940615671106,12,24
720575940628972048,720575940631959097,9,21
720575940628972048,720575940617593233,4,14
720575940628972048,720575940637144944,28,37
720575940628972048,720575940610482883,54,51
720575940628972048,720575940619877396,11,23
720575940628972048,720575940611442296,8,20
720575940628972048,720575940655013025,6,17
720575940628972048,720575940627083294,5,16
720575940628972048,720575940611151406,16,28
720575940628972048,720575940618859480,3,12
720575940628972048,720575940607386290,3,12
720575940628972048,720575940621150191,11,23
720575940628972048,720575940639785379,27,36
720575940628972048,720575940623663084,4,14
720575940628972048,720575940625175054,4,14
720575940628972048,720575940627812168,14,26
720575940628972048,720575940632648868,4,14
720575940628972048,720575940627814728,11,23
720575940628972048,720575940613347299,16,28
720575940628972048,720575940630674038,6,17
720575940628972048,720575940628869648,6,17
720575940628972048,720575940615023535,5,16
720575940625867056,720575940620874757,7,19
720575940625867056,720575940655014049,3,12
720575940625867056,720575940629888530,3,12
720575940625867056,720575940614763666,6,17
720575940625867056,720575940609407939,4,14
720575940625867056,720575940638103349,4,14
720575940625867056,720575940607272649,3,12
720575940625867056,720575940610001220,6,17
720575940625867056,720575940615671106,3,12
720575940625867056,720575940626279742,4,14
720575940625867056,720575940634210155,3,12
720575940625867056,720575940631997032,4,14
720575940625867056,720575940637144944,3,12
720575940625867056,720575940611015122,4,14
720575940625867056,720575940622624214,4,14
720575940625867056,720575940627083294,4,14
720575940625867056,720575940618859480,5,16
720575940625867056,720575940630461660,5,16
720575940625867056,720575940607386290,6,17
720575940625867056,720575940639785379,3,12
720575940625867056,720575940628780309,3,12
720575940625867056,720575940632486969,3,12
720575940625867056,720575940627812168,4,14
720575940625867056,720575940632648868,9,21
720575940625867056,720575940626229849,3,12
720575940625867056,720575940636675214,9,21
720575940625867056,720575940621256384,4,14
720575940625867056,720575940621261296,3,12
720575940625867056,720575940613347299,3,12
720575940625867056,720575940623017989,7,19
720575940625867056,720575940626919144,3,12
720575940625867056,720575940623314312,6,17
720575940625867056,720575940638001498,3,12
720575940625867056,720575940618238523,5,16
720575940625867056,720575940614998166,6,17
720575940625867056,720575940628869648,3,12
720575940626835146,720575940623211725,16,28
720575940626835146,720575940609407939,40,44
720575940626835146,720575940636828334,6,17
720575940626835146,720575940607272649,59,54
720575940626835146,720575940630579574,12,24
720575940626835146,720575940628972048,4,14
720575940626835146,720575940634210155,18,30
720575940626835146,720575940627083294,4,14
720575940626835146,720575940626625813,15,27
720575940626835146,720575940607386290,3,12
720575940626835146,720575940623663084,38,43
720575940626835146,720575940627812168,25,35
720575940626835146,720575940629623351,4,14
720575940626835146,720575940613347299,55,52
720575940626835146,720575940623314312,3,12
720575940626835146,720575940629744599,3,12
720575940626835146,720575940628869648,6,17
720575940626835146,720575940615023535,3,12
720575940615671106,720575940623211725,94,68
720575940615671106,720575940627099338,38,43
720575940615671106,720575940627847752,7,19
720575940615671106,720575940609407939,7,19
720575940615671106,720575940610001220,3,12
720575940615671106,720575940631959097,22,33
720575940615671106,720575940624023188,4,14
720575940615671106,720575940610482883,7,19
720575940615671106,720575940619877396,4,14
720575940615671106,720575940618574749,3,12
720575940615671106,720575940618238523,51,50
720575940615671106,720575940615023535,3,12
720575940631959097,720575940623211725,29,38
720575940631959097,720575940627099338,27,36
720575940631959097,720575940632252743,7,19
720575940631959097,720575940615671106,8,20
720575940631959097,720575940629744599,5,16
720575940631959097,720575940618238523,8,20
720575940626191306,720575940631703608,5,16
720575940626191306,720575940630579574,5,16
720575940626191306,720575940626279742,3,12
720575940626191306,720575940634825623,13,25
720575940626191306,720575940637144944,8,20
720575940626191306,720575940660223873,3,12
720575940626191306,720575940639785379,3,12
720575940626191306,720575940612692633,4,14
720575940626191306,720575940648180868,8,20
720575940626279742,720575940627099338,5,16
720575940626279742,720575940627847752,13,25
720575940626279742,720575940636828334,3,12
720575940626279742,720575940610001220,13,25
720575940626279742,720575940637144944,4,14
720575940626279742,720575940619176094,8,20
720575940626279742,720575940622624214,6,17
720575940626279742,720575940627083294,3,12
720575940626279742,720575940623164941,8,20
720575940626279742,720575940607386290,3,12
720575940626279742,720575940621150191,3,12
720575940626279742,720575940630771449,3,12
720575940626279742,720575940614660519,3,12
720575940626279742,720575940627814728,3,12
720575940626279742,720575940645045527,6,17
720575940634900855,720575940627099338,11,23
720575940634900855,720575940627847752,90,66
720575940634900855,720575940655014049,6,17
720575940634900855,720575940628802069,22,33
720575940634900855,720575940609407939,68,58
720575940634900855,720575940631349335,3,12
720575940634900855,720575940628972048,5,16
720575940634900855,720575940615671106,14,26
720575940634900855,720575940631959097,17,29
720575940634900855,720575940634210155,33,40
720575940634900855,720575940617593233,3,12
720575940634900855,720575940637144944,40,44
720575940634900855,720575940610482883,43,46
720575940634900855,720575940619877396,16,28
720575940634900855,720575940655013025,8,20
720575940634900855,720575940611151406,18,30
720575940634900855,720575940630461660,3,12
720575940634900855,720575940621150191,24,34
720575940634900855,720575940639785379,6,17
720575940634900855,720575940623663084,12,24
720575940634900855,720575940627812168,13,25
720575940634900855,720575940632648868,3,12
720575940634900855,720575940627814728,5,16
720575940634900855,720575940613347299,21,32
720575940634900855,720575940623017989,4,14
720575940634900855,720575940630674038,4,14
720575940634900855,720575940628869648,12,24
720575940634900855,720575940615023535,4,14
720575940634210155,720575940623211725,103,71
720575940634210155,720575940627099338,26,36
720575940634210155,720575940628802069,53,51
720575940634210155,720575940636828334,12,24
720575940634210155,720575940631703608,70,59
720575940634210155,720575940607272649,19,31
720575940634210155,720575940630579574,34,41
720575940634210155,720575940631349335,8,20
720575940634210155,720575940625867056,3,12
720575940634210155,720575940615671106,4,14
720575940634210155,720575940634900855,13,25
720575940634210155,720575940634825623,33,40
720575940634210155,720575940637144944,34,41
720575940634210155,720575940619176094,36,42
720575940634210155,720575940623164941,19,31
720575940634210155,720575940621150191,3,12
720575940634210155,720575940639785379,13,25
720575940634210155,720575940614660519,3,12
720575940634210155,720575940627086594,14,26
720575940634210155,720575940632486969,71,59
720575940634210155,720575940636685454,33,40
720575940634210155,720575940636675214,3,12
720575940634210155,720575940623017989,13,25
720575940634210155,720575940623314312,42,45
720575940634210155,720575940630674038,8,20
720575940634210155,720575940619114048,43,46
720575940634825623,720575940623211725,15,27
720575940634825623,720575940632252743,123,78
720575940634825623,720575940632365905,10,22
720575940634825623,720575940615671106,3,12
720575940634825623,720575940631959097,34,41
720575940634825623,720575940624023188,31,39
720575940634825623,720575940627086594,29,38
720575940634825623,720575940632486969,3,12
720575940634825623,720575940621261296,19,31
720575940634825623,720575940613347299,7,19
720575940634825623,720575940619114048,7,19
720575940634825623,720575940635055039,12,24
720575940617593233,720575940623211725,3,12
720575940617593233,720575940632252743,3,12
720575940617593233,720575940628802069,4,14
720575940617593233,720575940614763666,11,23
720575940617593233,720575940636828334,39,44
720575940617593233,720575940631703608,62,55
720575940617593233,720575940630579574,8,20
720575940617593233,720575940610001220,33,40
720575940617593233,720575940631349335,3,12
720575940617593233,720575940628972048,3,12
720575940617593233,720575940625867056,3,12
720575940617593233,720575940626835146,10,22
720575940617593233,720575940631959097,24,34
720575940617593233,720575940634825623,4,14
720575940617593233,720575940631997032,26,36
720575940617593233,720575940637144944,4,14
720575940617593233,720575940622624214,13,25
720575940617593233,720575940614660519,11,23
720575940617593233,720575940627812168,8,20
720575940617593233,720575940627814728,4,14
720575940617593233,720575940645045527,26,36
720575940617593233,720575940629744599,6,17
720575940617593233,720575940630674038,5,16
720575940631997032,720575940623211725,5,16
720575940631997032,720575940632252743,3,12
720575940631997032,720575940628802069,3,12
720575940631997032,720575940614763666,29,38
720575940631997032,720575940623210445,4,14
720575940631997032,720575940638103349,4,14
720575940631997032,720575940636828334,12,24
720575940631997032,720575940631703608,72,59
720575940631997032,720575940630579574,147,85
720575940631997032,720575940610001220,30,38
720575940631997032,720575940628972048,29,38
720575940631997032,720575940626835146,29,38
720575940631997032,720575940631959097,17,29
720575940631997032,720575940634900855,3,12
720575940631997032,720575940634825623,38,43
720575940631997032,720575940617593233,15,27
720575940631997032,720575940637144944,62,55
720575940631997032,720575940622624214,44,46
720575940631997032,720575940627083294,4,14
720575940631997032,720575940660223873,42,45
720575940631997032,720575940618859480,4,14
720575940631997032,720575940607386290,3,12
720575940631997032,720575940612692633,7,19
720575940631997032,720575940637216624,47,48
720575940631997032,720575940636685454,13,25
720575940631997032,720575940627812168,80,63
720575940631997032,720575940627814728,13,25
720575940631997032,720575940645045527,58,53
720575940631997032,720575940630674038,44,46
720575940631997032,720575940623476407,3,12
720575940631997032,720575940619473624,3,12
720575940637144944,720575940623211725,3,12
720575940637144944,720575940627847752,7,19
720575940637144944,720575940609407939,137,82
720575940637144944,720575940607272649,10,22
720575940637144944,720575940631349335,125,78
720575940637144944,720575940625867056,63,56
720575940637144944,720575940615671106,66,57
720575940637144944,720575940634825623,6,17
720575940637144944,720575940619877396,78,62
720575940637144944,720575940619176094,7,19
720575940637144944,720575940623164941,3,12
720575940637144944,720575940621150191,4,14
720575940637144944,720575940639785379,22,33
720575940637144944,720575940614660519,14,26
720575940637144944,720575940636685454,4,14
720575940637144944,720575940627814728,5,16
720575940637144944,720575940638001498,3,12
720575940637144944,720575940615023535,30,38
720575940624023188,720575940623211725,290,96
720575940624023188,720575940627099338,29,38
720575940624023188,720575940627847752,113,74
720575940624023188,720575940632047890,242,96
720575940624023188,720575940632252743,26,36
720575940624023188,720575940632365905,3,12
720575940624023188,720575940631349335,8,20
720575940624023188,720575940625867056,7,19
720575940624023188,720575940615671106,123,78
720575940624023188,720575940631959097,120,77
720575940624023188,720575940634825623,18,30
720575940624023188,720575940619877396,63,56
720575940624023188,720575940611151406,12,24
720575940624023188,720575940628780309,3,12
720575940624023188,720575940614660519,3,12
720575940624023188,720575940627086594,24,34
720575940624023188,720575940632486969,4,14
720575940624023188,720575940636685454,5,16
720575940624023188,720575940629623351,3,12
720575940624023188,720575940632839763,11,23
720575940624023188,720575940635055039,6,17
720575940624023188,720575940618238523,7,19
720575940610482883,720575940660219265,26,36
720575940610482883,720575940623211725,4,14
720575940610482883,720575940627099338,4,14
720575940610482883,720575940627847752,7,19
720575940610482883,720575940632047890,3,12
720575940610482883,720575940620874757,12,24
720575940610482883,720575940629888530,4,14
720575940610482883,720575940609407939,7,19
720575940610482883,720575940631349335,4,14
720575940610482883,720575940615671106,10,22
720575940610482883,720575940619877396,7,19
720575940610482883,720575940623718380,6,17
720575940610482883,720575940622026245,7,19
720575940610482883,720575940633316307,6,17
720575940610482883,720575940639785379,5,16
720575940610482883,720575940628780309,18,30
720575940610482883,720575940636552805,7,19
720575940610482883,720575940632486969,6,17
720575940610482883,720575940648180868,3,12
720575940610482883,720575940621261296,3,12
720575940610482883,720575940632839763,4,14
720575940610482883,720575940635055039,3,12
720575940610482883,720575940618238523,48,48
720575940619877396,720575940660219265,31,39
720575940619877396,720575940627847752,3,12
720575940619877396,720575940609407939,4,14
720575940619877396,720575940607272649,82,63
720575940619877396,720575940615671106,5,16
720575940619877396,720575940634900855,3,12
720575940619877396,720575940610482883,3,12
720575940619877396,720575940613347299,14,26
720575940619877396,720575940619114048,6,17
720575940619877396,720575940615023535,38,43
720575940611015122,720575940614763666,6,17
720575940611015122,720575940607272649,10,22
720575940611015122,720575940628972048,4,14
720575940611015122,720575940626835146,3,12
720575940611015122,720575940634900855,19,31
720575940611015122,720575940634210155,5,16
720575940611015122,720575940631997032,4,14
720575940611015122,720575940623718380,3,12
720575940611015122,720575940627083294,23,34
720575940611015122,720575940626625813,7,19
720575940611015122,720575940618859480,7,19
720575940611015122,720575940630461660,28,37
720575940611015122,720575940607386290,15,27
720575940611015122,720575940647030324,4,14
720575940611015122,720575940613347299,3,12
720575940611015122,720575940623017989,8,20
720575940611015122,720575940615811670,3,12
720575940623718380,720575940627847752,4,14
720575940623718380,720575940620874757,4,14
720575940623718380,720575940655014049,9,21
720575940623718380,720575940629888530,4,14
720575940623718380,720575940609407939,32,40
720575940623718380,720575940607272649,30,38
720575940623718380,720575940634900855,11,23
720575940623718380,720575940634210155,7,19
720575940623718380,720575940619877396,7,19
720575940623718380,720575940627083294,3,12
720575940623718380,720575940626625813,4,14
720575940623718380,720575940618859480,7,19
720575940623718380,720575940630461660,12,24
720575940623718380,720575940607386290,6,17
720575940623718380,720575940642428045,5,16
720575940623718380,720575940617787963,5,16
720575940623718380,720575940636685454,8,20
720575940623718380,720575940632648868,14,26
720575940623718380,720575940636675214,7,19
720575940623718380,720575940647030324,11,23
720575940623718380,720575940623017989,11,23
720575940623718380,720575940615811670,5,16
720575940623718380,720575940614998166,3,12
720575940611442296,720575940660219265,8,20
720575940611442296,720575940627847752,46,47
720575940611442296,720575940609407939,82,63
720575940611442296,720575940607272649,44,46
720575940611442296,720575940615671106,28,37
720575940611442296,720575940631959097,3,12
720575940611442296,720575940610482883,7,19
720575940611442296,720575940619877396,34,41
720575940611442296,720575940655013025,5,16
720575940611442296,720575940623663084,9,21
720575940611442296,720575940626229849,4,14
720575940611442296,720575940635578303,4,14
720575940611442296,720575940623017989,26,36
720575940611442296,720575940618574749,7,19
720575940611442296,720575940618238523,14,26
720575940655013025,720575940623211725,6,17
720575940655013025,720575940627099338,3,12
720575940655013025,720575940632252743,39,44
720575940655013025,720575940615671106,6,17
720575940655013025,720575940631959097,37,43
720575940655013025,720575940632486969,8,20
720575940655013025,720575940627812168,3,12
720575940655013025,720575940648180868,6,17
720575940655013025,720575940635578303,4,14
720575940619176094,720575940660219265,3,12
720575940619176094,720575940623211725,12,24
720575940619176094,720575940627847752,9,21
720575940619176094,720575940632252743,10,22
720575940619176094,720575940609407939,10,22
720575940619176094,720575940636828334,3,12
720575940619176094,720575940607272649,12,24
720575940619176094,720575940631349335,24,34
720575940619176094,720575940625867056,30,38
720575940619176094,720575940615671106,70,59
720575940619176094,720575940631959097,4,14
720575940619176094,720575940634825623,4,14
720575940619176094,720575940637144944,4,14
720575940619176094,720575940624023188,40,44
720575940619176094,720575940610482883,7,19
720575940619176094,720575940619877396,78,62
720575940619176094,720575940627083294,6,17
720575940619176094,720575940622026245,97,69
720575940619176094,720575940618859480,3,12
720575940619176094,720575940623164941,3,12
720575940619176094,720575940625580988,3,12
720575940619176094,720575940617678566,4,14
720575940619176094,720575940607386290,14,26
720575940619176094,720575940637216624,3,12
720575940619176094,720575940628780309,68,58
720575940619176094,720575940614660519,7,19
720575940619176094,720575940617787963,5,16
720575940619176094,720575940625175054,11,23
720575940619176094,720575940627086594,26,36
720575940619176094,720575940632486969,16,28
720575940619176094,720575940636685454,10,22
720575940619176094,720575940621261296,4,14
720575940619176094,720575940613347299,5,16
720575940619176094,720575940638001498,12,24
720575940619176094,720575940619114048,39,44
720575940619176094,720575940618238523,22,33
720575940622624214,720575940660219265,22,33
720575940622624214,720575940623211725,4,14
720575940622624214,720575940609407939,26,36
720575940622624214,720575940607272649,39,44
720575940622624214,720575940630579574,10,22
720575940622624214,720575940615671106,32,40
720575940622624214,720575940634210155,35,41
720575940622624214,720575940634825623,13,25
720575940622624214,720575940637144944,7,19
720575940622624214,720575940619877396,49,49
720575940622624214,720575940619176094,23,34
720575940622624214,720575940626625813,3,12
720575940622624214,720575940623164941,35,41
720575940622624214,720575940621150191,12,24
720575940622624214,720575940630771449,16,28
720575940622624214,720575940636685454,16,28
720575940622624214,720575940627814728,5,16
720575940622624214,720575940638001498,5,16
720575940622624214,720575940630674038,4,14
720575940622624214,720575940615023535,6,17
720575940627083294,720575940623211725,6,17
720575940627083294,720575940629888530,17,29
720575940627083294,720575940638103349,26,36
720575940627083294,720575940607272649,6,17
720575940627083294,720575940630579574,10,22
720575940627083294,720575940610001220,55,52
720575940627083294,720575940631349335,37,43
720575940627083294,720575940628972048,3,12
720575940627083294,720575940625867056,27,36
720575940627083294,720575940615671106,3,12
720575940627083294,720575940626279742,13,25
720575940627083294,720575940631997032,4,14
720575940627083294,720575940619877396,4,14
720575940627083294,720575940611015122,17,29
720575940627083294,720575940630461660,29,38
720575940627083294,720575940607386290,3,12
720575940627083294,720575940627812168,12,24
720575940627083294,720575940629623351,10,22
720575940627083294,720575940626229849,4,14
720575940627083294,720575940645045527,6,17
720575940627083294,720575940625164558,6,17
720575940626625813,720575940623211725,87,65
720575940626625813,720575940627847752,28,37
720575940626625813,720575940636828334,6,17
720575940626625813,720575940607272649,11,23
720575940626625813,720575940630579574,17,29
720575940626625813,720575940610001220,5,16
720575940626625813,720575940628972048,4,14
720575940626625813,720575940626835146,14,26
720575940626625813,720575940631959097,66,57
720575940626625813,720575940634210155,11,23
720575940626625813,720575940611442296,31,39
720575940626625813,720575940627083294,6,17
720575940626625813,720575940618859480,3,12
720575940626625813,720575940607386290,3,12
720575940626625813,720575940627812168,101,70
720575940626625813,720575940629623351,18,30
720575940626625813,720575940627814728,3,12
720575940626625813,720575940613347299,3,12
720575940626625813,720575940645045527,7,19
720575940626625813,720575940628869648,3,12
720575940660223873,720575940632047890,12,24
720575940660223873,720575940636828334,120,77
720575940660223873,720575940610001220,96,69
720575940660223873,720575940631349335,7,19
720575940660223873,720575940625867056,18,30
720575940660223873,720575940615671106,3,12
720575940660223873,720575940617593233,26,36
720575940660223873,720575940631997032,27,36
720575940660223873,720575940637144944,14,26
720575940660223873,720575940619176094,15,27
720575940660223873,720575940622624214,73,60
720575940660223873,720575940626625813,3,12
720575940660223873,720575940623164941,10,22
720575940660223873,720575940607386290,3,12
720575940660223873,720575940621150191,4,14
720575940660223873,720575940630771449,7,19
720575940660223873,720575940627814728,37,43
720575940660223873,720575940647030324,13,25
720575940660223873,720575940645045527,37,43
720575940660223873,720575940638001498,40,44
720575940660223873,720575940615811670,7,19
720575940660223873,720575940628869648,21,32
720575940622026245,720575940623211725,52,50
720575940622026245,720575940627099338,26,36
720575940622026245,720575940627847752,6,17
720575940622026245,720575940632047890,65,56
720575940622026245,720575940632252743,5,16
720575940622026245,720575940615671106,52,50
720575940622026245,720575940631959097,43,46
720575940622026245,720575940619877396,24,34
720575940622026245,720575940655013025,8,20
720575940622026245,720575940611151406,36,42
720575940622026245,720575940625580988,3,12
720575940622026245,720575940617678566,18,30
720575940622026245,720575940633316307,4,14
720575940622026245,720575940617787963,38,43
720575940622026245,720575940618238523,29,38
720575940622026245,720575940615023535,7,19
720575940611151406,720575940627099338,16,28
720575940611151406,720575940627847752,28,37
720575940611151406,720575940609407939,15,27
720575940611151406,720575940615671106,109,73
720575940611151406,720575940619877396,109,73
720575940611151406,720575940611442296,7,19
720575940611151406,720575940623663084,6,17
720575940611151406,720575940614660519,6,17
720575940611151406,720575940648180868,3,12
720575940611151406,720575940635578303,8,20
720575940611151406,720575940638001498,7,19
720575940611151406,720575940630674038,7,19
720575940611151406,720575940618238523,22,33
720575940611151406,720575940615023535,17,29
720575940618859480,720575940623211725,6,17
720575940618859480,720575940632047890,3,12
720575940618859480,720575940631703608,22,33
720575940618859480,720575940630579574,78,62
720575940618859480,720575940610001220,7,19
720575940618859480,720575940631349335,5,16
720575940618859480,720575940628972048,14,26
720575940618859480,720575940625867056,5,16
720575940618859480,720575940626835146,6,17
720575940618859480,720575940634210155,12,24
720575940618859480,720575940637144944,5,16
720575940618859480,720575940619176094,5,16
720575940618859480,720575940622624214,9,21
720575940618859480,720575940660223873,7,19
720575940618859480,720575940611151406,3,12
720575940618859480,720575940617678566,7,19
720575940618859480,720575940617787963,4,14
720575940618859480,720575940636685454,6,17
720575940618859480,720575940627812168,28,37
720575940618859480,720575940645045527,10,22
720575940618859480,720575940630674038,17,29
720575940618859480,720575940623476407,81,63
720575940618859480,720575940628869648,6,17
720575940630461660,720575940628972048,4,14
720575940630461660,720575940634900855,29,38
720575940630461660,720575940634210155,46,47
720575940630461660,720575940611015122,5,16
720575940630461660,720575940627083294,56,52
720575940630461660,720575940626625813,43,46
720575940630461660,720575940607386290,67,57
720575940630461660,720575940621150191,3,12
720575940630461660,720575940623663084,33,40
720575940630461660,720575940630771449,11,23
720575940630461660,720575940621256384,3,12
720575940630461660,720575940647030324,16,28
720575940630461660,720575940623017989,4,14
720575940630461660,720575940625164558,3,12
720575940630461660,720575940638001498,12,24
720575940630461660,720575940629744599,4,14
720575940630461660,720575940630674038,6,17
720575940630461660,720575940615811670,7,19
720575940623164941,720575940623211725,22,33
720575940623164941,720575940627099338,5,16
720575940623164941,720575940627847752,12,24
720575940623164941,720575940632252743,8,20
720575940623164941,720575940609407939,5,16
720575940623164941,720575940636828334,7,19
720575940623164941,720575940607272649,5,16
720575940623164941,720575940630579574,3,12
720575940623164941,720575940631349335,27,36
720575940623164941,720575940625867056,41,45
720575940623164941,720575940615671106,54,51
720575940623164941,720575940631959097,3,12
720575940623164941,720575940634825623,4,14
720575940623164941,720575940637144944,3,12
720575940623164941,720575940624023188,33,40
720575940623164941,720575940610482883,3,12
720575940623164941,720575940619877396,34,41
720575940623164941,720575940655013025,6,17
720575940623164941,720575940619176094,5,16
720575940623164941,720575940622624214,6,17
720575940623164941,720575940627083294,5,16
720575940623164941,720575940622026245,38,43
720575940623164941,720575940625580988,3,12
720575940623164941,720575940617678566,6,17
720575940623164941,720575940621150191,4,14
720575940623164941,720575940628780309,99,70
720575940623164941,720575940617787963,5,16
720575940623164941,720575940627086594,30,38
720575940623164941,720575940632486969,49,49
720575940623164941,720575940636685454,3,12
720575940623164941,720575940627812168,11,23
720575940623164941,720575940621256384,4,14
720575940623164941,720575940625164558,3,12
720575940623164941,720575940638001498,5,16
720575940623164941,720575940619114048,25,35
720575940623164941,720575940618238523,19,31
720575940625580988,720575940623211725,12,24
720575940625580988,720575940627099338,3,12
720575940625580988,720575940632252743,19,31
720575940625580988,720575940615671106,13,25
720575940625580988,720575940631959097,16,28
720575940625580988,720575940655013025,3,12
720575940625580988,720575940627086594,5,16
720575940625580988,720575940632486969,31,39
720575940625580988,720575940635578303,3,12
720575940625580988,720575940618238523,10,22
720575940617678566,720575940660219265,3,12
720575940617678566,720575940627847752,10,22
720575940617678566,720575940632252743,46,47
720575940617678566,720575940609407939,6,17
720575940617678566,720575940625867056,3,12
720575940617678566,720575940615671106,191,96
720575940617678566,720575940624023188,3,12
720575940617678566,720575940610482883,5,16
720575940617678566,720575940619877396,164,90
720575940617678566,720575940622026245,56,52
720575940617678566,720575940618859480,5,16
720575940617678566,720575940639785379,5,16
720575940617678566,720575940612692633,3,12
720575940617678566,720575940630771449,3,12
720575940617678566,720575940628780309,209,96
720575940617678566,720575940614660519,17,29
720575940617678566,720575940617787963,7,19
720575940617678566,720575940632486969,65,56
720575940617678566,720575940626229849,14,26
720575940617678566,720575940648180868,44,46
720575940617678566,720575940621261296,38,43
720575940617678566,720575940622921827,7,19
720575940617678566,720575940635578303,3,12
720575940617678566,720575940626919144,6,17
720575940617678566,720575940632839763,4,14
720575940617678566,720575940618574749,34,41
720575940617678566,720575940618238523,7,19
720575940617678566,720575940634105439,3,12
720575940633316307,720575940660219265,146,85
720575940633316307,720575940632252743,4,14
720575940633316307,720575940610482883,4,14
720575940633316307,720575940636552805,451,96
720575940633316307,720575940618238523,123,78
720575940607386290,720575940623211725,4,14
720575940607386290,720575940629888530,25,35
720575940607386290,720575940638103349,29,38
720575940607386290,720575940607272649,4,14
720575940607386290,720575940630579574,3,12
720575940607386290,720575940610001220,20,31
720575940607386290,720575940631349335,41,45
720575940607386290,720575940625867056,24,34
720575940607386290,720575940626279742,10,22
720575940607386290,720575940631997032,5,16
720575940607386290,720575940611015122,16,28
720575940607386290,720575940619176094,3,12
720575940607386290,720575940627083294,6,17
720575940607386290,720575940630461660,38,43
720575940607386290,720575940627812168,14,26
720575940607386290,720575940647030324,6,17
720575940607386290,720575940623017989,5,16
720575940607386290,720575940625164558,13,25
720575940607386290,720575940623476407,4,14
720575940642428045,720575940630579574,11,23
720575940642428045,720575940637144944,17,29
720575940642428045,720575940619176094,3,12
720575940642428045,720575940660223873,3,12
720575940642428045,720575940622026245,50,49
720575940642428045,720575940618859480,3,12
720575940642428045,720575940612692633,32,40
720575940642428045,720575940630771449,7,19
720575940642428045,720575940637216624,5,16
720575940642428045,720575940628780309,6,17
720575940621150191,720575940623211725,18,30
720575940621150191,720575940627099338,40,44
720575940621150191,720575940627847752,128,79
720575940621150191,720575940609407939,7,19
720575940621150191,720575940631349335,80,63
720575940621150191,720575940625867056,87,65
720575940621150191,720575940615671106,81,63
720575940621150191,720575940619877396,33,40
720575940621150191,720575940619176094,6,17
720575940621150191,720575940623164941,4,14
720575940621150191,720575940639785379,62,55
720575940621150191,720575940632486969,143,84
720575940621150191,720575940636685454,5,16
720575940621150191,720575940627812168,54,51
720575940621150191,720575940623017989,5,16
720575940621150191,720575940615023535,4,14
720575940639785379,720575940627099338,8,20
720575940639785379,720575940627847752,13,25
720575940639785379,720575940628802069,5,16
720575940639785379,720575940609407939,34,41
720575940639785379,720575940631703608,54,51
720575940639785379,720575940630579574,3,12
720575940639785379,720575940610001220,32,40
720575940639785379,720575940628972048,9,21
720575940639785379,720575940626835146,9,21
720575940639785379,720575940615671106,21,32
720575940639785379,720575940634825623,5,16
720575940639785379,720575940631997032,3,12
720575940639785379,720575940637144944,24,34
720575940639785379,720575940610482883,4,14
720575940639785379,720575940619877396,15,27
720575940639785379,720575940611442296,30,38
720575940639785379,720575940622624214,28,37
720575940639785379,720575940623663084,47,48
720575940639785379,720575940632486969,7,19
720575940639785379,720575940636685454,9,21
720575940639785379,720575940627812168,6,17
720575940639785379,720575940638001498,7,19
720575940623663084,720575940660219265,8,20
720575940623663084,720575940623211725,67,57
720575940623663084,720575940627847752,113,74
720575940623663084,720575940609407939,50,49
720575940623663084,720575940615671106,22,33
720575940623663084,720575940619877396,21,32
720575940623663084,720575940611442296,4,14
720575940623663084,720575940618859480,8,20
720575940623663084,720575940639785379,47,48
720575940623663084,720575940623017989,5,16
720575940623663084,720575940632839763,7,19
720575940612692633,720575940627847752,10,22
720575940612692633,720575940620874757,11,23
720575940612692633,720575940629888530,12,24
720575940612692633,720575940623210445,17,29
720575940612692633,720575940638103349,62,55
720575940612692633,720575940626279742,11,23
720575940612692633,720575940631997032,145,84
720575940612692633,720575940637144944,10,22
720575940612692633,720575940610482883,5,16
720575940612692633,720575940619176094,6,17
720575940612692633,720575940660223873,31,39
720575940612692633,720575940630461660,10,22
720575940612692633,720575940642428045,52,50
720575940612692633,720575940625175054,46,47
720575940612692633,720575940627812168,4,14
720575940612692633,720575940647030324,8,20
720575940612692633,720575940625164558,5,16
720575940612692633,720575940630674038,6,17
720575940612692633,720575940632839763,15,27
720575940630771449,720575940620874757,14,26
720575940630771449,720575940629888530,9,21
720575940630771449,720575940623210445,4,14
720575940630771449,720575940609407939,6,17
720575940630771449,720575940638103349,46,47
720575940630771449,720575940630579574,4,14
720575940630771449,720575940626279742,11,23
720575940630771449,720575940631997032,51,50
720575940630771449,720575940610482883,11,23
720575940630771449,720575940611015122,8,20
720575940630771449,720575940623718380,21,32
720575940630771449,720575940630461660,65,56
720575940630771449,720575940623164941,7,19
720575940630771449,720575940642428045,9,21
720575940630771449,720575940621150191,11,23
720575940630771449,720575940625175054,26,36
720575940630771449,720575940636675214,5,16
720575940630771449,720575940647030324,150,86
720575940630771449,720575940625164558,9,21
720575940630771449,720575940632839763,4,14
720575940630771449,720575940615811670,42,45
720575940630771449,720575940619114048,4,14
720575940630771449,720575940614998166,9,21
720575940637216624,720575940627847752,11,23
720575940637216624,720575940620874757,4,14
720575940637216624,720575940609407939,4,14
720575940637216624,720575940638103349,9,21
720575940637216624,720575940631349335,15,27
720575940637216624,720575940625867056,8,20
720575940637216624,720575940615671106,10,22
720575940637216624,720575940631997032,9,21
720575940637216624,720575940619877396,6,17
720575940637216624,720575940622026245,8,20
720575940637216624,720575940630461660,12,24
720575940637216624,720575940642428045,4,14
720575940637216624,720575940628780309,4,14
720575940637216624,720575940614660519,8,20
720575940637216624,720575940627086594,5,16
720575940637216624,720575940632486969,6,17
720575940637216624,720575940623017989,4,14
720575940637216624,720575940626919144,4,14
720575940637216624,720575940632839763,4,14
720575940637216624,720575940619114048,5,16
720575940628780309,720575940660219265,14,26
720575940628780309,720575940609407939,7,19
720575940628780309,720575940607272649,41,45
720575940628780309,720575940625867056,5,16
720575940628780309,720575940615671106,8,20
720575940628780309,720575940619877396,33,40
720575940628780309,720575940617678566,26,36
720575940628780309,720575940614660519,10,22
720575940628780309,720575940617787963,9,21
720575940628780309,720575940613347299,42,45
720575940628780309,720575940619114048,4,14
720575940628780309,720575940615023535,42,45
720575940614660519,720575940638103349,4,14
720575940614660519,720575940631703608,4,14
720575940614660519,720575940630579574,4,14
720575940614660519,720575940610001220,16,28
720575940614660519,720575940631997032,6,17
720575940614660519,720575940627812168,14,26
720575940614660519,720575940627814728,4,14
720575940614660519,720575940634093337,12,24
720575940617787963,720575940627847752,12,24
720575940617787963,720575940632252743,38,43
720575940617787963,720575940609407939,18,30
720575940617787963,720575940615671106,167,90
720575940617787963,720575940610482883,4,14
720575940617787963,720575940619877396,183,95
720575940617787963,720575940622026245,169,91
720575940617787963,720575940617678566,6,17
720575940617787963,720575940628780309,83,64
720575940617787963,720575940614660519,9,21
720575940617787963,720575940632486969,39,44
720575940617787963,720575940626229849,12,24
720575940617787963,720575940648180868,24,34
720575940617787963,720575940621261296,43,46
720575940617787963,720575940622921827,7,19
720575940617787963,720575940635578303,4,14
720575940617787963,720575940626919144,5,16
720575940617787963,720575940632839763,4,14
720575940617787963,720575940619114048,5,16
720575940617787963,720575940618574749,34,41
720575940617787963,720575940618238523,5,16
720575940617787963,720575940634093337,4,14
720575940636552805,720575940660219265,92,67
720575940636552805,720575940623211725,4,14
720575940636552805,720575940615671106,5,16
720575940636552805,720575940610482883,6,17
720575940636552805,720575940633316307,455,96
720575940636552805,720575940618238523,193,96
720575940636552805,720575940632835155,5,16
720575940625175054,720575940631703608,10,22
720575940625175054,720575940630579574,8,20
720575940625175054,720575940637144944,21,32
720575940625175054,720575940622026245,22,33
720575940625175054,720575940612692633,43,46
720575940625175054,720575940630771449,4,14
720575940625175054,720575940632839763,10,22
720575940627086594,720575940623211725,8,20
720575940627086594,720575940627099338,20,31
720575940627086594,720575940627847752,18,30
720575940627086594,720575940636828334,13,25
720575940627086594,720575940631959097,72,59
720575940627086594,720575940610482883,4,14
720575940627086594,720575940628780309,4,14
720575940627086594,720575940632486969,27,36
720575940627086594,720575940636685454,5,16
720575940627086594,720575940627812168,7,19
720575940627086594,720575940635578303,5,16
720575940627086594,720575940618574749,197,96
720575940632486969,720575940610482883,5,16
720575940632486969,720575940632835155,8,20
720575940636685454,720575940623211725,5,16
720575940636685454,720575940632252743,31,39
720575940636685454,720575940607272649,16,28
720575940636685454,720575940631959097,7,19
720575940636685454,720575940624023188,15,27
720575940636685454,720575940627086594,8,20
720575940636685454,720575940627814728,6,17
720575940636685454,720575940621261296,101,70
720575940636685454,720575940613347299,30,38
720575940636685454,720575940619114048,35,41
720575940627812168,720575940623211725,12,24
720575940627812168,720575940636828334,4,14
720575940627812168,720575940610482883,7,19
720575940632648868,720575940631349335,9,21
720575940632648868,720575940628972048,4,14
720575940632648868,720575940625867056,39,44
720575940632648868,720575940634900855,42,45
720575940632648868,720575940623663084,14,26
720575940632648868,720575940617787963,5,16
720575940632648868,720575940623017989,16,28
720575940632648868,720575940625164558,5,16
720575940632648868,720575940623314312,51,50
720575940632648868,720575940630674038,4,14
720575940632648868,720575940615811670,7,19
720575940632648868,720575940614998166,7,19
720575940629623351,720575940623211725,17,29
720575940629623351,720575940655013025,20,31
720575940629623351,720575940625580988,8,20
720575940629623351,720575940632486969,64,56
720575940629623351,720575940627812168,5,16
720575940627814728,720575940660219265,4,14
720575940627814728,720575940623211725,6,17
720575940627814728,720575940632252743,5,16
720575940627814728,720575940636828334,23,34
720575940627814728,720575940631703608,7,19
720575940627814728,720575940607272649,8,20
720575940627814728,720575940610001220,37,43
720575940627814728,720575940631349335,37,43
720575940627814728,720575940625867056,51,50
720575940627814728,720575940634825623,25,35
720575940627814728,720575940617593233,9,21
720575940627814728,720575940631997032,6,17
720575940627814728,720575940637144944,15,27
720575940627814728,720575940624023188,10,22
720575940627814728,720575940619176094,5,16
720575940627814728,720575940622624214,22,33
720575940627814728,720575940614660519,12,24
720575940627814728,720575940627086594,8,20
720575940627814728,720575940636685454,18,30
720575940627814728,720575940621261296,17,29
720575940627814728,720575940645045527,21,32
720575940627814728,720575940638001498,28,37
720575940627814728,720575940619114048,27,36
720575940627814728,720575940618238523,8,20
720575940626229849,720575940660219265,120,77
720575940626229849,720575940631349335,19,31
720575940626229849,720575940625867056,5,16
720575940626229849,720575940617678566,28,37
720575940626229849,720575940617787963,48,48
720575940626229849,720575940622921827,36,42
720575940626229849,720575940618238523,79,62
720575940626229849,720575940632835155,39,44
720575940636675214,720575940630579574,5,16
720575940636675214,720575940628972048,7,19
720575940636675214,720575940634900855,21,32
720575940636675214,720575940634210155,47,48
720575940636675214,720575940626625813,40,44
720575940636675214,720575940621150191,6,17
720575940636675214,720575940623663084,5,16
720575940636675214,720575940613347299,12,24
720575940636675214,720575940623017989,12,24
720575940636675214,720575940623314312,66,57
720575940636675214,720575940615811670,7,19
720575940636675214,720575940614998166,5,16
720575940636675214,720575940615023535,7,19
720575940648180868,720575940634825623,4,14
720575940648180868,720575940655013025,27,36
720575940648180868,720575940625580988,12,24
720575940648180868,720575940627086594,42,45
720575940648180868,720575940632486969,95,68
720575940648180868,720575940636685454,7,19
720575940648180868,720575940629623351,15,27
720575940648180868,720575940635055039,13,25
720575940648180868,720575940618574749,45,47
720575940621256384,720575940623211725,4,14
720575940621256384,720575940627099338,4,14
720575940621256384,720575940627847752,7,19
720575940621256384,720575940620874757,4,14
720575940621256384,720575940629888530,7,19
720575940621256384,720575940632365905,6,17
720575940621256384,720575940638103349,22,33
720575940621256384,720575940631349335,17,29
720575940621256384,720575940625867056,10,22
720575940621256384,720575940615671106,10,22
720575940621256384,720575940634825623,4,14
720575940621256384,720575940631997032,9,21
720575940621256384,720575940624023188,10,22
720575940621256384,720575940619877396,5,16
720575940621256384,720575940622026245,4,14
720575940621256384,720575940611151406,5,16
720575940621256384,720575940630461660,12,24
720575940621256384,720575940628780309,5,16
720575940621256384,720575940614660519,13,25
720575940621256384,720575940627086594,10,22
720575940621256384,720575940632486969,13,25
720575940621256384,720575940647030324,8,20
720575940621256384,720575940630674038,7,19
720575940621256384,720575940632839763,6,17
720575940621256384,720575940623476407,4,14
720575940621261296,720575940660219265,11,23
720575940621261296,720575940623211725,13,25
720575940621261296,720575940627847752,119,76
720575940621261296,720575940632047890,30,38
720575940621261296,720575940632252743,4,14
720575940621261296,720575940615671106,42,45
720575940621261296,720575940634825623,7,19
720575940621261296,720575940610482883,8,20
720575940621261296,720575940619877396,13,25
720575940621261296,720575940655013025,10,22
720575940621261296,720575940625580988,56,52
720575940621261296,720575940627086594,8,20
720575940621261296,720575940636685454,6,17
720575940621261296,720575940635055039,40,44
720575940621261296,720575940618574749,6,17
720575940621261296,720575940618238523,321,96
720575940647030324,720575940625867056,4,14
720575940647030324,720575940634900855,47,48
720575940647030324,720575940634210155,97,69
720575940647030324,720575940634825623,18,30
720575940647030324,720575940627083294,10,22
720575940647030324,720575940626625813,42,45
720575940647030324,720575940630461660,11,23
720575940647030324,720575940623164941,12,24
720575940647030324,720575940621150191,69,58
720575940647030324,720575940630771449,9,21
720575940647030324,720575940636685454,22,33
720575940647030324,720575940636675214,31,39
720575940647030324,720575940621256384,52,50
720575940647030324,720575940613347299,32,40
720575940647030324,720575940623017989,5,16
720575940647030324,720575940623314312,34,41
720575940647030324,720575940638001498,36,42
720575940647030324,720575940630674038,22,33
720575940647030324,720575940615811670,33,40
720575940622921827,720575940660219265,95,68
720575940622921827,720575940632365905,4,14
720575940622921827,720575940631349335,11,23
720575940622921827,720575940625867056,6,17
720575940622921827,720575940627083294,4,14
720575940622921827,720575940617678566,39,44
720575940622921827,720575940617787963,26,36
720575940622921827,720575940626229849,50,49
720575940622921827,720575940618238523,101,70
720575940622921827,720575940632835155,39,44
720575940613347299,720575940660219265,5,16
720575940613347299,720575940607272649,33,40
720575940613347299,720575940621261296,14,26
720575940613347299,720575940629744599,22,33
720575940613347299,720575940615023535,12,24
720575940645045527,720575940627099338,9,21
720575940645045527,720575940610001220,37,43
720575940645045527,720575940615671106,6,17
720575940645045527,720575940631959097,33,40
720575940645045527,720575940626279742,5,16
720575940635578303,720575940623211725,23,34
720575940635578303,720575940627099338,80,63
720575940635578303,720575940627847752,5,16
720575940635578303,720575940636828334,21,32
720575940635578303,720575940607272649,4,14
720575940635578303,720575940625867056,5,16
720575940635578303,720575940631959097,40,44
720575940635578303,720575940624023188,4,14
720575940635578303,720575940611151406,26,36
720575940635578303,720575940625580988,5,16
720575940635578303,720575940627086594,59,54
720575940635578303,720575940632486969,16,28
720575940635578303,720575940627812168,18,30
720575940635578303,720575940618574749,125,78
720575940635578303,720575940618238523,7,19
720575940623017989,720575940609407939,5,16
720575940623017989,720575940607272649,13,25
720575940623017989,720575940630579574,9,21
720575940623017989,720575940631349335,5,16
720575940623017989,720575940634900855,7,19
720575940623017989,720575940634210155,99,70
720575940623017989,720575940627083294,4,14
720575940623017989,720575940626625813,6,17
720575940623017989,720575940623164941,7,19
720575940623017989,720575940617678566,6,17
720575940623017989,720575940617787963,5,16
720575940623017989,720575940623314312,25,35
720575940623017989,720575940638001498,4,14
720575940623017989,720575940630674038,4,14
720575940623017989,720575940623476407,50,49
720575940626919144,720575940631349335,5,16
720575940626919144,720575940625867056,8,20
720575940626919144,720575940622026245,41,45
720575940626919144,720575940628780309,20,31
720575940626919144,720575940623476407,13,25
720575940625164558,720575940609407939,4,14
720575940625164558,720575940610001220,4,14
720575940625164558,720575940619176094,21,32
720575940625164558,720575940627083294,6,17
720575940625164558,720575940623164941,20,31
720575940625164558,720575940638001498,4,14
720575940623314312,720575940607272649,8,20
720575940623314312,720575940634210155,43,46
720575940623314312,720575940626625813,90,66
720575940623314312,720575940623164941,7,19
720575940623314312,720575940621150191,57,53
720575940623314312,720575940623663084,4,14
720575940623314312,720575940614660519,6,17
720575940623314312,720575940636675214,7,19
720575940623314312,720575940613347299,53,51
720575940623314312,720575940614998166,4,14
720575940623314312,720575940628869648,6,17
720575940623314312,720575940615023535,5,16
720575940638001498,720575940623211725,54,51
720575940638001498,720575940627847752,24,34
720575940638001498,720575940630579574,26,36
720575940638001498,720575940631349335,4,14
720575940638001498,720575940615671106,56,52
720575940638001498,720575940634900855,4,14
720575940638001498,720575940634825623,42,45
720575940638001498,720575940637144944,17,29
720575940638001498,720575940610482883,6,17
720575940638001498,720575940619877396,28,37
720575940638001498,720575940619176094,35,41
720575940638001498,720575940622624214,6,17
720575940638001498,720575940623164941,18,30
720575940638001498,720575940639785379,13,25
720575940638001498,720575940630771449,8,20
720575940638001498,720575940627086594,41,45
720575940638001498,720575940632486969,60,54
720575940638001498,720575940636685454,13,25
720575940638001498,720575940627814728,5,16
720575940638001498,720575940630674038,9,21
720575940638001498,720575940632839763,6,17
720575940638001498,720575940618238523,41,45
720575940629744599,720575940660219265,5,16
720575940629744599,720575940611015122,7,19
720575940629744599,720575940627083294,18,30
720575940629744599,720575940630461660,18,30
720575940629744599,720575940607386290,53,51
720575940629744599,720575940623663084,8,20
720575940629744599,720575940613347299,7,19
720575940629744599,720575940614998166,4,14
720575940630674038,720575940627847752,8,20
720575940630674038,720575940628802069,13,25
720575940630674038,720575940631703608,15,27
720575940630674038,720575940637144944,28,37
720575940630674038,720575940619176094,6,17
720575940630674038,720575940660223873,27,36
720575940630674038,720575940623164941,6,17
720575940630674038,720575940621150191,21,32
720575940630674038,720575940614660519,4,14
720575940630674038,720575940627814728,7,19
720575940630674038,720575940623314312,7,19
720575940630674038,720575940615811670,29,38
720575940630674038,720575940628869648,27,36
720575940632839763,720575940623211725,10,22
720575940632839763,720575940627847752,32,40
720575940632839763,720575940632047890,4,14
720575940632839763,720575940609407939,34,41
720575940632839763,720575940631703608,7,19
720575940632839763,720575940607272649,9,21
720575940632839763,720575940630579574,4,14
720575940632839763,720575940615671106,67,57
720575940632839763,720575940631959097,12,24
720575940632839763,720575940624023188,9,21
720575940632839763,720575940610482883,19,31
720575940632839763,720575940619877396,52,50
720575940632839763,720575940613347299,51,50
720575940632839763,720575940626919144,5,16
720575940632839763,720575940619114048,5,16
720575940615811670,720575940632047890,15,27
720575940615811670,720575940636828334,166,90
720575940615811670,720575940610001220,108,73
720575940615811670,720575940631349335,6,17
720575940615811670,720575940625867056,18,30
720575940615811670,720575940617593233,52,50
720575940615811670,720575940631997032,20,31
720575940615811670,720575940637144944,16,28
720575940615811670,720575940619176094,7,19
720575940615811670,720575940622624214,58,53
720575940615811670,720575940627083294,5,16
720575940615811670,720575940660223873,5,16
720575940615811670,720575940623164941,11,23
720575940615811670,720575940621150191,10,22
720575940615811670,720575940627814728,52,50
720575940615811670,720575940647030324,20,31
720575940615811670,720575940645045527,54,51
720575940615811670,720575940625164558,4,14
720575940615811670,720575940638001498,47,48
720575940615811670,720575940628869648,21,32
720575940619114048,720575940660219265,20,31
720575940619114048,720575940609407939,95,68
720575940619114048,720575940607272649,260,96
720575940619114048,720575940631349335,10,22
720575940619114048,720575940625867056,5,16
720575940619114048,720575940615671106,64,56
720575940619114048,720575940634825623,6,17
720575940619114048,720575940619877396,98,69
720575940619114048,720575940636685454,23,34
720575940619114048,720575940621261296,24,34
720575940619114048,720575940613347299,108,73
720575940619114048,720575940632839763,23,34
720575940619114048,720575940615023535,16,28
720575940635055039,720575940623211725,6,17
720575940635055039,720575940632252743,4,14
720575940635055039,720575940615671106,4,14
720575940635055039,720575940631959097,8,20
720575940635055039,720575940625580988,6,17
720575940635055039,720575940632486969,4,14
720575940635055039,720575940618238523,17,29
720575940618238523,720575940623211725,5,16
720575940618238523,720575940627847752,4,14
720575940618238523,720575940615671106,6,17
720575940618238523,720575940631959097,4,14
720575940632835155,720575940632486969,25,35
720575940614998166,720575940628802069,6,17
720575940614998166,720575940631703608,4,14
720575940614998166,720575940628972048,4,14
720575940614998166,720575940625867056,4,14
720575940614998166,720575940634210155,22,33
720575940614998166,720575940634825623,5,16
720575940614998166,720575940626625813,28,37
720575940614998166,720575940614660519,14,26
720575940614998166,720575940636685454,17,29
720575940614998166,720575940636675214,19,31
720575940614998166,720575940647030324,11,23
720575940614998166,720575940613347299,9,21
720575940614998166,720575940623314312,177,93
720575940614998166,720575940630674038,9,21
720575940614998166,720575940615023535,5,16
720575940620780272,720575940634900855,13,25
720575940620780272,720575940630461660,33,40
720575940620780272,720575940623164941,31,39
720575940620780272,720575940642428045,6,17
720575940620780272,720575940612692633,9,21
720575940620780272,720575940630771449,14,26
720575940620780272,720575940617787963,23,34
720575940620780272,720575940647030324,135,81
720575940620780272,720575940623017989,16,28
720575940620780272,720575940615811670,70,59
720575940620780272,720575940614998166,14,26
720575940620780272,720575940625178768,11,23
720575940620780272,720575940623476407,6,17
720575940620780272,720575940619473624,33,40
720575940620780272,720575940628869648,7,19
720575940634105439,720575940632365905,5,16
720575940634105439,720575940618859480,7,19
720575940634105439,720575940633316307,44,46
720575940634105439,720575940612692633,9,21
720575940634105439,720575940636552805,42,45
720575940634105439,720575940621329328,10,22
720575940621329328,720575940618859480,8,20
720575940621329328,720575940632839763,4,14
720575940625178768,720575940631997032,18,30
720575940625178768,720575940637144944,10,22
720575940625178768,720575940619176094,9,21
720575940625178768,720575940660223873,9,21
720575940625178768,720575940612692633,77,61
720575940625178768,720575940630771449,45,47
720575940625178768,720575940628780309,6,17
720575940625178768,720575940620780272,133,81
720575940625178768,720575940619473624,144,84
720575940623476407,720575940623211725,8,20
720575940623476407,720575940627847752,32,40
720575940623476407,720575940630579574,40,44
720575940623476407,720575940626835146,4,14
720575940623476407,720575940615671106,6,17
720575940623476407,720575940634210155,21,32
720575940623476407,720575940660223873,16,28
720575940623476407,720575940618859480,7,19
720575940623476407,720575940623663084,4,14
720575940623476407,720575940628780309,53,51
720575940623476407,720575940627086594,8,20
720575940623476407,720575940632486969,15,27
720575940623476407,720575940648180868,5,16
720575940623476407,720575940632839763,7,19
720575940623476407,720575940615811670,6,17
720575940619473624,720575940623210445,8,20
720575940619473624,720575940638103349,45,47
720575940619473624,720575940628972048,7,19
720575940619473624,720575940626191306,9,21
720575940619473624,720575940617593233,10,22
720575940619473624,720575940631997032,149,85
720575940619473624,720575940611442296,7,19
720575940619473624,720575940619176094,33,40
720575940619473624,720575940660223873,71,59
720575940619473624,720575940618859480,4,14
720575940619473624,720575940623164941,7,19
720575940619473624,720575940617678566,15,27
720575940619473624,720575940642428045,75,61
720575940619473624,720575940612692633,8,20
720575940619473624,720575940630771449,18,30
720575940619473624,720575940614660519,8,20
720575940619473624,720575940625175054,65,56
720575940619473624,720575940615811670,6,17
720575940619473624,720575940620780272,35,41
720575940619473624,720575940625178768,24,34
720575940619473624,720575940623476407,18,30
720575940619473624,720575940628869648,4,14
720575940628869648,720575940623211725,48,48
720575940628869648,720575940607272649,13,25
720575940628869648,720575940610001220,4,14
720575940628869648,720575940631959097,15,27
720575940628869648,720575940626279742,5,16
720575940628869648,720575940619176094,10,22
720575940628869648,720575940627812168,10,22
720575940628869648,720575940613347299,9,21
720575940628869648,720575940625164558,4,14
720575940615023535,720575940660219265,6,17
720575940615023535,720575940615671106,5,16
720575940615023535,720575940639785379,8,20
720575940615023535,720575940618238523,631,96
720575940615023535,720575940632835155,21,32
720575940634093337,720575940631349335,7,19
720575940634093337,720575940625867056,8,20
720575940634093337,720575940622026245,26,36
720575940634093337,720575940628780309,71,59
720575940634093337,720575940614660519,81,63
720575940634093337,720575940627814728,8,20
720575940634093337,720575940623476407,42,45
720575940634093337,720575940619473624,6,17
